{"cameraMode":{"drawMode":0,"name":"Shaded","section":"Shading Mode"},"sceneLighting":false,"audioPlay":false,"sceneViewState":{"m_AlwaysRefresh":false,"showFog":true,"showSkybox":false,"showFlares":true,"showImageEffects":true,"showParticleSystems":true,"showVisualEffectGraphs":true,"m_FxEnabled":true},"in2DMode":false,"pivot":{"x":-0.16419151425361634,"y":1.1396708488464356,"z":-0.3986392021179199},"rotation":{"x":-0.004259270615875721,"y":-0.984951376914978,"z":-0.024825993925333024,"w":0.17134200036525727},"size":0.8285138010978699,"orthographic":false}