{"cameraMode":{"drawMode":0,"name":"Shaded","section":"Shading Mode"},"sceneLighting":false,"audioPlay":false,"sceneViewState":{"m_AlwaysRefresh":false,"showFog":true,"showSkybox":false,"showFlares":true,"showImageEffects":true,"showParticleSystems":true,"showVisualEffectGraphs":true,"m_FxEnabled":true},"in2DMode":false,"pivot":{"x":-0.4564933776855469,"y":1.4444870948791505,"z":-0.2894524931907654},"rotation":{"x":-0.023700281977653505,"y":0.9416078329086304,"z":-0.06667186319828034,"w":-0.3294953405857086},"size":2.014549970626831,"orthographic":false}