{"cameraMode":{"drawMode":0,"name":"Shaded","section":"Shading Mode"},"sceneLighting":false,"audioPlay":false,"sceneViewState":{"m_AlwaysRefresh":false,"showFog":true,"showSkybox":false,"showFlares":true,"showImageEffects":true,"showParticleSystems":true,"showVisualEffectGraphs":true,"m_FxEnabled":true},"in2DMode":false,"pivot":{"x":-0.10949808359146118,"y":1.6747348308563233,"z":0.07976174354553223},"rotation":{"x":-0.22158825397491456,"y":-0.19880689680576325,"z":0.04615882411599159,"w":-0.9536005854606628},"size":1.5073950290679932,"orthographic":false}