{"cameraMode":{"drawMode":0,"name":"Shaded","section":"Shading Mode"},"sceneLighting":true,"audioPlay":false,"sceneViewState":{"m_AlwaysRefresh":false,"showFog":true,"showSkybox":true,"showFlares":true,"showImageEffects":true,"showParticleSystems":true,"showVisualEffectGraphs":true,"m_FxEnabled":true},"in2DMode":false,"pivot":{"x":587.3988647460938,"y":272.9447937011719,"z":123.94403839111328},"rotation":{"x":0.11807845532894135,"y":-0.04913153871893883,"z":0.005855164956301451,"w":0.9917795658111572},"size":639.2689208984375,"orthographic":false}