{"cameraMode":{"drawMode":0,"name":"Shaded","section":"Shading Mode"},"sceneLighting":true,"audioPlay":false,"sceneViewState":{"m_AlwaysRefresh":false,"showFog":true,"showSkybox":true,"showFlares":true,"showImageEffects":true,"showParticleSystems":true,"showVisualEffectGraphs":true,"m_FxEnabled":true},"in2DMode":false,"pivot":{"x":5.185608386993408,"y":0.3290138244628906,"z":-0.08783423900604248},"rotation":{"x":-0.0029050190933048727,"y":0.9955809712409973,"z":-0.032865818589925769,"w":-0.0880434513092041},"size":2.544029951095581,"orthographic":false}