{"cameraMode":{"drawMode":0,"name":"Shaded","section":"Shading Mode"},"sceneLighting":false,"audioPlay":false,"sceneViewState":{"m_AlwaysRefresh":false,"showFog":true,"showSkybox":false,"showFlares":true,"showImageEffects":true,"showParticleSystems":true,"showVisualEffectGraphs":true,"m_FxEnabled":true},"in2DMode":false,"pivot":{"x":0.10000000149011612,"y":0.14400000870227815,"z":-1.6763806343078614e-8},"rotation":{"x":0.08632907271385193,"y":0.7657065391540527,"z":-0.10561371594667435,"w":0.628818929195404},"size":0.6401866674423218,"orthographic":false}